,query,index
0,"



-- using default substitutions


select
	ps_partkey,
	sum(ps_supplycost * ps_availqty) as value
from
	partsupp,
	supplier,
	nation
where
	ps_suppkey = s_suppkey
	and s_nationkey = n_nationkey
	and n_name = 'GERMANY'
group by
	ps_partkey having
		sum(ps_supplycost * ps_availqty) > (
			select
				sum(ps_supplycost * ps_availqty) * 0.0001000000
			from
				partsupp,
				supplier,
				nation
			where
				ps_suppkey = s_suppkey
				and s_nationkey = n_nationkey
				and n_name = 'GERMANY'
		)
order by
	value desc",['I(C partsupp.ps_suppkey)']
1,"



-- using default substitutions


select
	sum(l_extendedprice* (1 - l_discount)) as revenue
from
	lineitem,
	part
where
	(
		p_partkey = l_partkey
		and p_brand = 'Brand#12'
		and p_container in ('SM CASE', 'SM BOX', 'SM PACK', 'SM PKG')
		and l_quantity >= 1 and l_quantity <= 1 + 10
		and p_size between 1 and 5
		and l_shipmode in ('AIR', 'AIR REG')
		and l_shipinstruct = 'DELIVER IN PERSON'
	)
	or
	(
		p_partkey = l_partkey
		and p_brand = 'Brand#23'
		and p_container in ('MED BAG', 'MED BOX', 'MED PKG', 'MED PACK')
		and l_quantity >= 10 and l_quantity <= 10 + 10
		and p_size between 1 and 10
		and l_shipmode in ('AIR', 'AIR REG')
		and l_shipinstruct = 'DELIVER IN PERSON'
	)
	or
	(
		p_partkey = l_partkey
		and p_brand = 'Brand#34'
		and p_container in ('LG CASE', 'LG BOX', 'LG PACK', 'LG PKG')
		and l_quantity >= 20 and l_quantity <= 20 + 10
		and p_size between 1 and 15
		and l_shipmode in ('AIR', 'AIR REG')
		and l_shipinstruct = 'DELIVER IN PERSON'
	)","['I(C part.p_brand,C part.p_container)']"
2,"



-- using default substitutions


select
	sum(l_extendedprice* (1 - l_discount)) as revenue
from
	lineitem,
	part
where
	(
		p_partkey = l_partkey
		and p_brand = 'Brand#12'
		and p_container in ('SM CASE', 'SM BOX', 'SM PACK', 'SM PKG')
		and l_quantity >= 1 and l_quantity <= 1 + 10
		and p_size between 1 and 5
		and l_shipmode in ('AIR', 'AIR REG')
		and l_shipinstruct = 'DELIVER IN PERSON'
	)
	or
	(
		p_partkey = l_partkey
		and p_brand = 'Brand#23'
		and p_container in ('MED BAG', 'MED BOX', 'MED PKG', 'MED PACK')
		and l_quantity >= 10 and l_quantity <= 10 + 10
		and p_size between 1 and 10
		and l_shipmode in ('AIR', 'AIR REG')
		and l_shipinstruct = 'DELIVER IN PERSON'
	)
	or
	(
		p_partkey = l_partkey
		and p_brand = 'Brand#34'
		and p_container in ('LG CASE', 'LG BOX', 'LG PACK', 'LG PKG')
		and l_quantity >= 20 and l_quantity <= 20 + 10
		and p_size between 1 and 15
		and l_shipmode in ('AIR', 'AIR REG')
		and l_shipinstruct = 'DELIVER IN PERSON'
	)","['I(C part.p_brand,C part.p_container)', 'I(C lineitem.l_shipmode,C lineitem.l_partkey)']"
3,"



-- using default substitutions


select
	sum(l_extendedprice* (1 - l_discount)) as revenue
from
	lineitem,
	part
where
	(
		p_partkey = l_partkey
		and p_brand = 'Brand#12'
		and p_container in ('SM CASE', 'SM BOX', 'SM PACK', 'SM PKG')
		and l_quantity >= 1 and l_quantity <= 1 + 10
		and p_size between 1 and 5
		and l_shipmode in ('AIR', 'AIR REG')
		and l_shipinstruct = 'DELIVER IN PERSON'
	)
	or
	(
		p_partkey = l_partkey
		and p_brand = 'Brand#23'
		and p_container in ('MED BAG', 'MED BOX', 'MED PKG', 'MED PACK')
		and l_quantity >= 10 and l_quantity <= 10 + 10
		and p_size between 1 and 10
		and l_shipmode in ('AIR', 'AIR REG')
		and l_shipinstruct = 'DELIVER IN PERSON'
	)
	or
	(
		p_partkey = l_partkey
		and p_brand = 'Brand#34'
		and p_container in ('LG CASE', 'LG BOX', 'LG PACK', 'LG PKG')
		and l_quantity >= 20 and l_quantity <= 20 + 10
		and p_size between 1 and 15
		and l_shipmode in ('AIR', 'AIR REG')
		and l_shipinstruct = 'DELIVER IN PERSON'
	)","['I(C part.p_brand,C part.p_container)', 'I(C part.p_container,C part.p_size)']"
4,"



-- using default substitutions


select
	sum(l_extendedprice* (1 - l_discount)) as revenue
from
	lineitem,
	part
where
	(
		p_partkey = l_partkey
		and p_brand = 'Brand#12'
		and p_container in ('SM CASE', 'SM BOX', 'SM PACK', 'SM PKG')
		and l_quantity >= 1 and l_quantity <= 1 + 10
		and p_size between 1 and 5
		and l_shipmode in ('AIR', 'AIR REG')
		and l_shipinstruct = 'DELIVER IN PERSON'
	)
	or
	(
		p_partkey = l_partkey
		and p_brand = 'Brand#23'
		and p_container in ('MED BAG', 'MED BOX', 'MED PKG', 'MED PACK')
		and l_quantity >= 10 and l_quantity <= 10 + 10
		and p_size between 1 and 10
		and l_shipmode in ('AIR', 'AIR REG')
		and l_shipinstruct = 'DELIVER IN PERSON'
	)
	or
	(
		p_partkey = l_partkey
		and p_brand = 'Brand#34'
		and p_container in ('LG CASE', 'LG BOX', 'LG PACK', 'LG PKG')
		and l_quantity >= 20 and l_quantity <= 20 + 10
		and p_size between 1 and 15
		and l_shipmode in ('AIR', 'AIR REG')
		and l_shipinstruct = 'DELIVER IN PERSON'
	)","['I(C part.p_brand,C part.p_container)', 'I(C part.p_brand)']"
5,"



-- using default substitutions


select
	sum(l_extendedprice* (1 - l_discount)) as revenue
from
	lineitem,
	part
where
	(
		p_partkey = l_partkey
		and p_brand = 'Brand#12'
		and p_container in ('SM CASE', 'SM BOX', 'SM PACK', 'SM PKG')
		and l_quantity >= 1 and l_quantity <= 1 + 10
		and p_size between 1 and 5
		and l_shipmode in ('AIR', 'AIR REG')
		and l_shipinstruct = 'DELIVER IN PERSON'
	)
	or
	(
		p_partkey = l_partkey
		and p_brand = 'Brand#23'
		and p_container in ('MED BAG', 'MED BOX', 'MED PKG', 'MED PACK')
		and l_quantity >= 10 and l_quantity <= 10 + 10
		and p_size between 1 and 10
		and l_shipmode in ('AIR', 'AIR REG')
		and l_shipinstruct = 'DELIVER IN PERSON'
	)
	or
	(
		p_partkey = l_partkey
		and p_brand = 'Brand#34'
		and p_container in ('LG CASE', 'LG BOX', 'LG PACK', 'LG PKG')
		and l_quantity >= 20 and l_quantity <= 20 + 10
		and p_size between 1 and 15
		and l_shipmode in ('AIR', 'AIR REG')
		and l_shipinstruct = 'DELIVER IN PERSON'
	)","['I(C part.p_brand,C part.p_container)', 'I(C part.p_container,C part.p_size)', 'I(C lineitem.l_shipmode,C lineitem.l_partkey)']"
6,"



-- using default substitutions


select
	sum(l_extendedprice* (1 - l_discount)) as revenue
from
	lineitem,
	part
where
	(
		p_partkey = l_partkey
		and p_brand = 'Brand#12'
		and p_container in ('SM CASE', 'SM BOX', 'SM PACK', 'SM PKG')
		and l_quantity >= 1 and l_quantity <= 1 + 10
		and p_size between 1 and 5
		and l_shipmode in ('AIR', 'AIR REG')
		and l_shipinstruct = 'DELIVER IN PERSON'
	)
	or
	(
		p_partkey = l_partkey
		and p_brand = 'Brand#23'
		and p_container in ('MED BAG', 'MED BOX', 'MED PKG', 'MED PACK')
		and l_quantity >= 10 and l_quantity <= 10 + 10
		and p_size between 1 and 10
		and l_shipmode in ('AIR', 'AIR REG')
		and l_shipinstruct = 'DELIVER IN PERSON'
	)
	or
	(
		p_partkey = l_partkey
		and p_brand = 'Brand#34'
		and p_container in ('LG CASE', 'LG BOX', 'LG PACK', 'LG PKG')
		and l_quantity >= 20 and l_quantity <= 20 + 10
		and p_size between 1 and 15
		and l_shipmode in ('AIR', 'AIR REG')
		and l_shipinstruct = 'DELIVER IN PERSON'
	)","['I(C part.p_brand,C part.p_container)', 'I(C lineitem.l_shipmode,C lineitem.l_partkey)', 'I(C part.p_brand)']"
7,"



-- using default substitutions


select
	sum(l_extendedprice* (1 - l_discount)) as revenue
from
	lineitem,
	part
where
	(
		p_partkey = l_partkey
		and p_brand = 'Brand#12'
		and p_container in ('SM CASE', 'SM BOX', 'SM PACK', 'SM PKG')
		and l_quantity >= 1 and l_quantity <= 1 + 10
		and p_size between 1 and 5
		and l_shipmode in ('AIR', 'AIR REG')
		and l_shipinstruct = 'DELIVER IN PERSON'
	)
	or
	(
		p_partkey = l_partkey
		and p_brand = 'Brand#23'
		and p_container in ('MED BAG', 'MED BOX', 'MED PKG', 'MED PACK')
		and l_quantity >= 10 and l_quantity <= 10 + 10
		and p_size between 1 and 10
		and l_shipmode in ('AIR', 'AIR REG')
		and l_shipinstruct = 'DELIVER IN PERSON'
	)
	or
	(
		p_partkey = l_partkey
		and p_brand = 'Brand#34'
		and p_container in ('LG CASE', 'LG BOX', 'LG PACK', 'LG PKG')
		and l_quantity >= 20 and l_quantity <= 20 + 10
		and p_size between 1 and 15
		and l_shipmode in ('AIR', 'AIR REG')
		and l_shipinstruct = 'DELIVER IN PERSON'
	)","['I(C lineitem.l_shipmode,C lineitem.l_partkey)']"
8,"



-- using default substitutions


select
	sum(l_extendedprice* (1 - l_discount)) as revenue
from
	lineitem,
	part
where
	(
		p_partkey = l_partkey
		and p_brand = 'Brand#12'
		and p_container in ('SM CASE', 'SM BOX', 'SM PACK', 'SM PKG')
		and l_quantity >= 1 and l_quantity <= 1 + 10
		and p_size between 1 and 5
		and l_shipmode in ('AIR', 'AIR REG')
		and l_shipinstruct = 'DELIVER IN PERSON'
	)
	or
	(
		p_partkey = l_partkey
		and p_brand = 'Brand#23'
		and p_container in ('MED BAG', 'MED BOX', 'MED PKG', 'MED PACK')
		and l_quantity >= 10 and l_quantity <= 10 + 10
		and p_size between 1 and 10
		and l_shipmode in ('AIR', 'AIR REG')
		and l_shipinstruct = 'DELIVER IN PERSON'
	)
	or
	(
		p_partkey = l_partkey
		and p_brand = 'Brand#34'
		and p_container in ('LG CASE', 'LG BOX', 'LG PACK', 'LG PKG')
		and l_quantity >= 20 and l_quantity <= 20 + 10
		and p_size between 1 and 15
		and l_shipmode in ('AIR', 'AIR REG')
		and l_shipinstruct = 'DELIVER IN PERSON'
	)","['I(C part.p_container,C part.p_size)', 'I(C lineitem.l_shipmode,C lineitem.l_partkey)']"
9,"



-- using default substitutions


select
	sum(l_extendedprice* (1 - l_discount)) as revenue
from
	lineitem,
	part
where
	(
		p_partkey = l_partkey
		and p_brand = 'Brand#12'
		and p_container in ('SM CASE', 'SM BOX', 'SM PACK', 'SM PKG')
		and l_quantity >= 1 and l_quantity <= 1 + 10
		and p_size between 1 and 5
		and l_shipmode in ('AIR', 'AIR REG')
		and l_shipinstruct = 'DELIVER IN PERSON'
	)
	or
	(
		p_partkey = l_partkey
		and p_brand = 'Brand#23'
		and p_container in ('MED BAG', 'MED BOX', 'MED PKG', 'MED PACK')
		and l_quantity >= 10 and l_quantity <= 10 + 10
		and p_size between 1 and 10
		and l_shipmode in ('AIR', 'AIR REG')
		and l_shipinstruct = 'DELIVER IN PERSON'
	)
	or
	(
		p_partkey = l_partkey
		and p_brand = 'Brand#34'
		and p_container in ('LG CASE', 'LG BOX', 'LG PACK', 'LG PKG')
		and l_quantity >= 20 and l_quantity <= 20 + 10
		and p_size between 1 and 15
		and l_shipmode in ('AIR', 'AIR REG')
		and l_shipinstruct = 'DELIVER IN PERSON'
	)","['I(C lineitem.l_shipmode,C lineitem.l_partkey)', 'I(C part.p_brand)']"
10,"



-- using default substitutions


select
	sum(l_extendedprice* (1 - l_discount)) as revenue
from
	lineitem,
	part
where
	(
		p_partkey = l_partkey
		and p_brand = 'Brand#12'
		and p_container in ('SM CASE', 'SM BOX', 'SM PACK', 'SM PKG')
		and l_quantity >= 1 and l_quantity <= 1 + 10
		and p_size between 1 and 5
		and l_shipmode in ('AIR', 'AIR REG')
		and l_shipinstruct = 'DELIVER IN PERSON'
	)
	or
	(
		p_partkey = l_partkey
		and p_brand = 'Brand#23'
		and p_container in ('MED BAG', 'MED BOX', 'MED PKG', 'MED PACK')
		and l_quantity >= 10 and l_quantity <= 10 + 10
		and p_size between 1 and 10
		and l_shipmode in ('AIR', 'AIR REG')
		and l_shipinstruct = 'DELIVER IN PERSON'
	)
	or
	(
		p_partkey = l_partkey
		and p_brand = 'Brand#34'
		and p_container in ('LG CASE', 'LG BOX', 'LG PACK', 'LG PKG')
		and l_quantity >= 20 and l_quantity <= 20 + 10
		and p_size between 1 and 15
		and l_shipmode in ('AIR', 'AIR REG')
		and l_shipinstruct = 'DELIVER IN PERSON'
	)","['I(C part.p_container,C part.p_size)']"
11,"



-- using default substitutions


select
	sum(l_extendedprice* (1 - l_discount)) as revenue
from
	lineitem,
	part
where
	(
		p_partkey = l_partkey
		and p_brand = 'Brand#12'
		and p_container in ('SM CASE', 'SM BOX', 'SM PACK', 'SM PKG')
		and l_quantity >= 1 and l_quantity <= 1 + 10
		and p_size between 1 and 5
		and l_shipmode in ('AIR', 'AIR REG')
		and l_shipinstruct = 'DELIVER IN PERSON'
	)
	or
	(
		p_partkey = l_partkey
		and p_brand = 'Brand#23'
		and p_container in ('MED BAG', 'MED BOX', 'MED PKG', 'MED PACK')
		and l_quantity >= 10 and l_quantity <= 10 + 10
		and p_size between 1 and 10
		and l_shipmode in ('AIR', 'AIR REG')
		and l_shipinstruct = 'DELIVER IN PERSON'
	)
	or
	(
		p_partkey = l_partkey
		and p_brand = 'Brand#34'
		and p_container in ('LG CASE', 'LG BOX', 'LG PACK', 'LG PKG')
		and l_quantity >= 20 and l_quantity <= 20 + 10
		and p_size between 1 and 15
		and l_shipmode in ('AIR', 'AIR REG')
		and l_shipinstruct = 'DELIVER IN PERSON'
	)","['I(C part.p_container,C part.p_size)', 'I(C part.p_brand)']"
12,"



-- using default substitutions


select
	sum(l_extendedprice* (1 - l_discount)) as revenue
from
	lineitem,
	part
where
	(
		p_partkey = l_partkey
		and p_brand = 'Brand#12'
		and p_container in ('SM CASE', 'SM BOX', 'SM PACK', 'SM PKG')
		and l_quantity >= 1 and l_quantity <= 1 + 10
		and p_size between 1 and 5
		and l_shipmode in ('AIR', 'AIR REG')
		and l_shipinstruct = 'DELIVER IN PERSON'
	)
	or
	(
		p_partkey = l_partkey
		and p_brand = 'Brand#23'
		and p_container in ('MED BAG', 'MED BOX', 'MED PKG', 'MED PACK')
		and l_quantity >= 10 and l_quantity <= 10 + 10
		and p_size between 1 and 10
		and l_shipmode in ('AIR', 'AIR REG')
		and l_shipinstruct = 'DELIVER IN PERSON'
	)
	or
	(
		p_partkey = l_partkey
		and p_brand = 'Brand#34'
		and p_container in ('LG CASE', 'LG BOX', 'LG PACK', 'LG PKG')
		and l_quantity >= 20 and l_quantity <= 20 + 10
		and p_size between 1 and 15
		and l_shipmode in ('AIR', 'AIR REG')
		and l_shipinstruct = 'DELIVER IN PERSON'
	)","['I(C lineitem.l_shipmode,C lineitem.l_partkey)', 'I(C part.p_container,C part.p_size)', 'I(C part.p_brand)']"
13,"



-- using default substitutions


select
	sum(l_extendedprice* (1 - l_discount)) as revenue
from
	lineitem,
	part
where
	(
		p_partkey = l_partkey
		and p_brand = 'Brand#12'
		and p_container in ('SM CASE', 'SM BOX', 'SM PACK', 'SM PKG')
		and l_quantity >= 1 and l_quantity <= 1 + 10
		and p_size between 1 and 5
		and l_shipmode in ('AIR', 'AIR REG')
		and l_shipinstruct = 'DELIVER IN PERSON'
	)
	or
	(
		p_partkey = l_partkey
		and p_brand = 'Brand#23'
		and p_container in ('MED BAG', 'MED BOX', 'MED PKG', 'MED PACK')
		and l_quantity >= 10 and l_quantity <= 10 + 10
		and p_size between 1 and 10
		and l_shipmode in ('AIR', 'AIR REG')
		and l_shipinstruct = 'DELIVER IN PERSON'
	)
	or
	(
		p_partkey = l_partkey
		and p_brand = 'Brand#34'
		and p_container in ('LG CASE', 'LG BOX', 'LG PACK', 'LG PKG')
		and l_quantity >= 20 and l_quantity <= 20 + 10
		and p_size between 1 and 15
		and l_shipmode in ('AIR', 'AIR REG')
		and l_shipinstruct = 'DELIVER IN PERSON'
	)","['I(C part.p_brand,C part.p_container)', 'I(C lineitem.l_shipmode,C lineitem.l_partkey)', 'I(C part.p_container,C part.p_size)', 'I(C part.p_brand)']"
14,"



-- using default substitutions


select
	sum(l_extendedprice* (1 - l_discount)) as revenue
from
	lineitem,
	part
where
	(
		p_partkey = l_partkey
		and p_brand = 'Brand#12'
		and p_container in ('SM CASE', 'SM BOX', 'SM PACK', 'SM PKG')
		and l_quantity >= 1 and l_quantity <= 1 + 10
		and p_size between 1 and 5
		and l_shipmode in ('AIR', 'AIR REG')
		and l_shipinstruct = 'DELIVER IN PERSON'
	)
	or
	(
		p_partkey = l_partkey
		and p_brand = 'Brand#23'
		and p_container in ('MED BAG', 'MED BOX', 'MED PKG', 'MED PACK')
		and l_quantity >= 10 and l_quantity <= 10 + 10
		and p_size between 1 and 10
		and l_shipmode in ('AIR', 'AIR REG')
		and l_shipinstruct = 'DELIVER IN PERSON'
	)
	or
	(
		p_partkey = l_partkey
		and p_brand = 'Brand#34'
		and p_container in ('LG CASE', 'LG BOX', 'LG PACK', 'LG PKG')
		and l_quantity >= 20 and l_quantity <= 20 + 10
		and p_size between 1 and 15
		and l_shipmode in ('AIR', 'AIR REG')
		and l_shipinstruct = 'DELIVER IN PERSON'
	)",['I(C part.p_brand)']
15,"



-- using default substitutions


select
	100.00 * sum(case
		when p_type like 'PROMO%'
			then l_extendedprice * (1 - l_discount)
		else 0
	end) / sum(l_extendedprice * (1 - l_discount)) as promo_revenue
from
	lineitem,
	part
where
	l_partkey = p_partkey
	and l_shipdate >= date '1995-09-01'
	and l_shipdate < date '1995-09-01' + interval '1' month",['I(C lineitem.l_shipdate)']
16,"



-- using default substitutions


select
	o_year,
	sum(case
		when nation = 'BRAZIL' then volume
		else 0
	end) / sum(volume) as mkt_share
from
	(
		select
			extract(year from o_orderdate) as o_year,
			l_extendedprice * (1 - l_discount) as volume,
			n2.n_name as nation
		from
			part,
			supplier,
			lineitem,
			orders,
			customer,
			nation n1,
			nation n2,
			region
		where
			p_partkey = l_partkey
			and s_suppkey = l_suppkey
			and l_orderkey = o_orderkey
			and o_custkey = c_custkey
			and c_nationkey = n1.n_nationkey
			and n1.n_regionkey = r_regionkey
			and r_name = 'AMERICA'
			and s_nationkey = n2.n_nationkey
			and o_orderdate between date '1995-01-01' and date '1996-12-31'
			and p_type = 'ECONOMY ANODIZED STEEL'
	) as all_nations
group by
	o_year
order by
	o_year",['I(C lineitem.l_partkey)']
17,"



-- using default substitutions


select
	o_year,
	sum(case
		when nation = 'BRAZIL' then volume
		else 0
	end) / sum(volume) as mkt_share
from
	(
		select
			extract(year from o_orderdate) as o_year,
			l_extendedprice * (1 - l_discount) as volume,
			n2.n_name as nation
		from
			part,
			supplier,
			lineitem,
			orders,
			customer,
			nation n1,
			nation n2,
			region
		where
			p_partkey = l_partkey
			and s_suppkey = l_suppkey
			and l_orderkey = o_orderkey
			and o_custkey = c_custkey
			and c_nationkey = n1.n_nationkey
			and n1.n_regionkey = r_regionkey
			and r_name = 'AMERICA'
			and s_nationkey = n2.n_nationkey
			and o_orderdate between date '1995-01-01' and date '1996-12-31'
			and p_type = 'ECONOMY ANODIZED STEEL'
	) as all_nations
group by
	o_year
order by
	o_year","['I(C lineitem.l_partkey)', 'I(C part.p_type)']"
18,"



-- using default substitutions


select
	o_year,
	sum(case
		when nation = 'BRAZIL' then volume
		else 0
	end) / sum(volume) as mkt_share
from
	(
		select
			extract(year from o_orderdate) as o_year,
			l_extendedprice * (1 - l_discount) as volume,
			n2.n_name as nation
		from
			part,
			supplier,
			lineitem,
			orders,
			customer,
			nation n1,
			nation n2,
			region
		where
			p_partkey = l_partkey
			and s_suppkey = l_suppkey
			and l_orderkey = o_orderkey
			and o_custkey = c_custkey
			and c_nationkey = n1.n_nationkey
			and n1.n_regionkey = r_regionkey
			and r_name = 'AMERICA'
			and s_nationkey = n2.n_nationkey
			and o_orderdate between date '1995-01-01' and date '1996-12-31'
			and p_type = 'ECONOMY ANODIZED STEEL'
	) as all_nations
group by
	o_year
order by
	o_year",['I(C part.p_type)']
19,"



-- using default substitutions


select
	o_orderpriority,
	count(*) as order_count
from
	orders
where
	o_orderdate >= date '1993-07-01'
	and o_orderdate < date '1993-07-01' + interval '3' month
	and exists (
		select
			*
		from
			lineitem
		where
			l_orderkey = o_orderkey
			and l_commitdate < l_receiptdate
	)
group by
	o_orderpriority
order by
	o_orderpriority",['I(C lineitem.l_orderkey)']
20,"



-- using default substitutions


select
	nation,
	o_year,
	sum(amount) as sum_profit
from
	(
		select
			n_name as nation,
			extract(year from o_orderdate) as o_year,
			l_extendedprice * (1 - l_discount) - ps_supplycost * l_quantity as amount
		from
			part,
			supplier,
			lineitem,
			partsupp,
			orders,
			nation
		where
			s_suppkey = l_suppkey
			and ps_suppkey = l_suppkey
			and ps_partkey = l_partkey
			and p_partkey = l_partkey
			and o_orderkey = l_orderkey
			and s_nationkey = n_nationkey
			and p_name like '%green%'
	) as profit
group by
	nation,
	o_year
order by
	nation,
	o_year desc",['I(C partsupp.ps_partkey)']
21,"



-- using default substitutions


select
	nation,
	o_year,
	sum(amount) as sum_profit
from
	(
		select
			n_name as nation,
			extract(year from o_orderdate) as o_year,
			l_extendedprice * (1 - l_discount) - ps_supplycost * l_quantity as amount
		from
			part,
			supplier,
			lineitem,
			partsupp,
			orders,
			nation
		where
			s_suppkey = l_suppkey
			and ps_suppkey = l_suppkey
			and ps_partkey = l_partkey
			and p_partkey = l_partkey
			and o_orderkey = l_orderkey
			and s_nationkey = n_nationkey
			and p_name like '%green%'
	) as profit
group by
	nation,
	o_year
order by
	nation,
	o_year desc","['I(C partsupp.ps_partkey)', 'I(C lineitem.l_partkey,C lineitem.l_suppkey)']"
22,"



-- using default substitutions


select
	nation,
	o_year,
	sum(amount) as sum_profit
from
	(
		select
			n_name as nation,
			extract(year from o_orderdate) as o_year,
			l_extendedprice * (1 - l_discount) - ps_supplycost * l_quantity as amount
		from
			part,
			supplier,
			lineitem,
			partsupp,
			orders,
			nation
		where
			s_suppkey = l_suppkey
			and ps_suppkey = l_suppkey
			and ps_partkey = l_partkey
			and p_partkey = l_partkey
			and o_orderkey = l_orderkey
			and s_nationkey = n_nationkey
			and p_name like '%green%'
	) as profit
group by
	nation,
	o_year
order by
	nation,
	o_year desc","['I(C partsupp.ps_partkey)', 'I(C supplier.s_suppkey,C supplier.s_nationkey)']"
23,"



-- using default substitutions


select
	nation,
	o_year,
	sum(amount) as sum_profit
from
	(
		select
			n_name as nation,
			extract(year from o_orderdate) as o_year,
			l_extendedprice * (1 - l_discount) - ps_supplycost * l_quantity as amount
		from
			part,
			supplier,
			lineitem,
			partsupp,
			orders,
			nation
		where
			s_suppkey = l_suppkey
			and ps_suppkey = l_suppkey
			and ps_partkey = l_partkey
			and p_partkey = l_partkey
			and o_orderkey = l_orderkey
			and s_nationkey = n_nationkey
			and p_name like '%green%'
	) as profit
group by
	nation,
	o_year
order by
	nation,
	o_year desc","['I(C partsupp.ps_partkey)', 'I(C nation.n_nationkey,C nation.n_name)']"
24,"



-- using default substitutions


select
	nation,
	o_year,
	sum(amount) as sum_profit
from
	(
		select
			n_name as nation,
			extract(year from o_orderdate) as o_year,
			l_extendedprice * (1 - l_discount) - ps_supplycost * l_quantity as amount
		from
			part,
			supplier,
			lineitem,
			partsupp,
			orders,
			nation
		where
			s_suppkey = l_suppkey
			and ps_suppkey = l_suppkey
			and ps_partkey = l_partkey
			and p_partkey = l_partkey
			and o_orderkey = l_orderkey
			and s_nationkey = n_nationkey
			and p_name like '%green%'
	) as profit
group by
	nation,
	o_year
order by
	nation,
	o_year desc","['I(C partsupp.ps_partkey)', 'I(C orders.o_orderkey)']"
25,"



-- using default substitutions


select
	nation,
	o_year,
	sum(amount) as sum_profit
from
	(
		select
			n_name as nation,
			extract(year from o_orderdate) as o_year,
			l_extendedprice * (1 - l_discount) - ps_supplycost * l_quantity as amount
		from
			part,
			supplier,
			lineitem,
			partsupp,
			orders,
			nation
		where
			s_suppkey = l_suppkey
			and ps_suppkey = l_suppkey
			and ps_partkey = l_partkey
			and p_partkey = l_partkey
			and o_orderkey = l_orderkey
			and s_nationkey = n_nationkey
			and p_name like '%green%'
	) as profit
group by
	nation,
	o_year
order by
	nation,
	o_year desc","['I(C partsupp.ps_partkey)', 'I(C supplier.s_suppkey,C supplier.s_nationkey)', 'I(C lineitem.l_partkey,C lineitem.l_suppkey)']"
26,"



-- using default substitutions


select
	nation,
	o_year,
	sum(amount) as sum_profit
from
	(
		select
			n_name as nation,
			extract(year from o_orderdate) as o_year,
			l_extendedprice * (1 - l_discount) - ps_supplycost * l_quantity as amount
		from
			part,
			supplier,
			lineitem,
			partsupp,
			orders,
			nation
		where
			s_suppkey = l_suppkey
			and ps_suppkey = l_suppkey
			and ps_partkey = l_partkey
			and p_partkey = l_partkey
			and o_orderkey = l_orderkey
			and s_nationkey = n_nationkey
			and p_name like '%green%'
	) as profit
group by
	nation,
	o_year
order by
	nation,
	o_year desc","['I(C partsupp.ps_partkey)', 'I(C nation.n_nationkey,C nation.n_name)', 'I(C lineitem.l_partkey,C lineitem.l_suppkey)']"
27,"



-- using default substitutions


select
	nation,
	o_year,
	sum(amount) as sum_profit
from
	(
		select
			n_name as nation,
			extract(year from o_orderdate) as o_year,
			l_extendedprice * (1 - l_discount) - ps_supplycost * l_quantity as amount
		from
			part,
			supplier,
			lineitem,
			partsupp,
			orders,
			nation
		where
			s_suppkey = l_suppkey
			and ps_suppkey = l_suppkey
			and ps_partkey = l_partkey
			and p_partkey = l_partkey
			and o_orderkey = l_orderkey
			and s_nationkey = n_nationkey
			and p_name like '%green%'
	) as profit
group by
	nation,
	o_year
order by
	nation,
	o_year desc","['I(C partsupp.ps_partkey)', 'I(C lineitem.l_partkey,C lineitem.l_suppkey)', 'I(C orders.o_orderkey)']"
28,"



-- using default substitutions


select
	nation,
	o_year,
	sum(amount) as sum_profit
from
	(
		select
			n_name as nation,
			extract(year from o_orderdate) as o_year,
			l_extendedprice * (1 - l_discount) - ps_supplycost * l_quantity as amount
		from
			part,
			supplier,
			lineitem,
			partsupp,
			orders,
			nation
		where
			s_suppkey = l_suppkey
			and ps_suppkey = l_suppkey
			and ps_partkey = l_partkey
			and p_partkey = l_partkey
			and o_orderkey = l_orderkey
			and s_nationkey = n_nationkey
			and p_name like '%green%'
	) as profit
group by
	nation,
	o_year
order by
	nation,
	o_year desc","['I(C partsupp.ps_partkey)', 'I(C supplier.s_suppkey,C supplier.s_nationkey)', 'I(C lineitem.l_partkey,C lineitem.l_suppkey)', 'I(C orders.o_orderkey)']"
29,"



-- using default substitutions


select
	nation,
	o_year,
	sum(amount) as sum_profit
from
	(
		select
			n_name as nation,
			extract(year from o_orderdate) as o_year,
			l_extendedprice * (1 - l_discount) - ps_supplycost * l_quantity as amount
		from
			part,
			supplier,
			lineitem,
			partsupp,
			orders,
			nation
		where
			s_suppkey = l_suppkey
			and ps_suppkey = l_suppkey
			and ps_partkey = l_partkey
			and p_partkey = l_partkey
			and o_orderkey = l_orderkey
			and s_nationkey = n_nationkey
			and p_name like '%green%'
	) as profit
group by
	nation,
	o_year
order by
	nation,
	o_year desc","['I(C partsupp.ps_partkey)', 'I(C nation.n_nationkey,C nation.n_name)', 'I(C lineitem.l_partkey,C lineitem.l_suppkey)', 'I(C orders.o_orderkey)']"
30,"



-- using default substitutions


select
	nation,
	o_year,
	sum(amount) as sum_profit
from
	(
		select
			n_name as nation,
			extract(year from o_orderdate) as o_year,
			l_extendedprice * (1 - l_discount) - ps_supplycost * l_quantity as amount
		from
			part,
			supplier,
			lineitem,
			partsupp,
			orders,
			nation
		where
			s_suppkey = l_suppkey
			and ps_suppkey = l_suppkey
			and ps_partkey = l_partkey
			and p_partkey = l_partkey
			and o_orderkey = l_orderkey
			and s_nationkey = n_nationkey
			and p_name like '%green%'
	) as profit
group by
	nation,
	o_year
order by
	nation,
	o_year desc","['I(C supplier.s_suppkey,C supplier.s_nationkey)', 'I(C nation.n_nationkey,C nation.n_name)', 'I(C orders.o_orderkey)', 'I(C partsupp.ps_partkey)', 'I(C lineitem.l_partkey,C lineitem.l_suppkey)']"
31,"



-- using default substitutions


select
	nation,
	o_year,
	sum(amount) as sum_profit
from
	(
		select
			n_name as nation,
			extract(year from o_orderdate) as o_year,
			l_extendedprice * (1 - l_discount) - ps_supplycost * l_quantity as amount
		from
			part,
			supplier,
			lineitem,
			partsupp,
			orders,
			nation
		where
			s_suppkey = l_suppkey
			and ps_suppkey = l_suppkey
			and ps_partkey = l_partkey
			and p_partkey = l_partkey
			and o_orderkey = l_orderkey
			and s_nationkey = n_nationkey
			and p_name like '%green%'
	) as profit
group by
	nation,
	o_year
order by
	nation,
	o_year desc","['I(C lineitem.l_partkey,C lineitem.l_suppkey)']"
32,"



-- using default substitutions


select
	nation,
	o_year,
	sum(amount) as sum_profit
from
	(
		select
			n_name as nation,
			extract(year from o_orderdate) as o_year,
			l_extendedprice * (1 - l_discount) - ps_supplycost * l_quantity as amount
		from
			part,
			supplier,
			lineitem,
			partsupp,
			orders,
			nation
		where
			s_suppkey = l_suppkey
			and ps_suppkey = l_suppkey
			and ps_partkey = l_partkey
			and p_partkey = l_partkey
			and o_orderkey = l_orderkey
			and s_nationkey = n_nationkey
			and p_name like '%green%'
	) as profit
group by
	nation,
	o_year
order by
	nation,
	o_year desc","['I(C lineitem.l_partkey,C lineitem.l_suppkey)', 'I(C supplier.s_suppkey,C supplier.s_nationkey)']"
33,"



-- using default substitutions


select
	nation,
	o_year,
	sum(amount) as sum_profit
from
	(
		select
			n_name as nation,
			extract(year from o_orderdate) as o_year,
			l_extendedprice * (1 - l_discount) - ps_supplycost * l_quantity as amount
		from
			part,
			supplier,
			lineitem,
			partsupp,
			orders,
			nation
		where
			s_suppkey = l_suppkey
			and ps_suppkey = l_suppkey
			and ps_partkey = l_partkey
			and p_partkey = l_partkey
			and o_orderkey = l_orderkey
			and s_nationkey = n_nationkey
			and p_name like '%green%'
	) as profit
group by
	nation,
	o_year
order by
	nation,
	o_year desc","['I(C lineitem.l_partkey,C lineitem.l_suppkey)', 'I(C nation.n_nationkey,C nation.n_name)']"
34,"



-- using default substitutions


select
	nation,
	o_year,
	sum(amount) as sum_profit
from
	(
		select
			n_name as nation,
			extract(year from o_orderdate) as o_year,
			l_extendedprice * (1 - l_discount) - ps_supplycost * l_quantity as amount
		from
			part,
			supplier,
			lineitem,
			partsupp,
			orders,
			nation
		where
			s_suppkey = l_suppkey
			and ps_suppkey = l_suppkey
			and ps_partkey = l_partkey
			and p_partkey = l_partkey
			and o_orderkey = l_orderkey
			and s_nationkey = n_nationkey
			and p_name like '%green%'
	) as profit
group by
	nation,
	o_year
order by
	nation,
	o_year desc","['I(C lineitem.l_partkey,C lineitem.l_suppkey)', 'I(C orders.o_orderkey)']"
35,"



-- using default substitutions


select
	nation,
	o_year,
	sum(amount) as sum_profit
from
	(
		select
			n_name as nation,
			extract(year from o_orderdate) as o_year,
			l_extendedprice * (1 - l_discount) - ps_supplycost * l_quantity as amount
		from
			part,
			supplier,
			lineitem,
			partsupp,
			orders,
			nation
		where
			s_suppkey = l_suppkey
			and ps_suppkey = l_suppkey
			and ps_partkey = l_partkey
			and p_partkey = l_partkey
			and o_orderkey = l_orderkey
			and s_nationkey = n_nationkey
			and p_name like '%green%'
	) as profit
group by
	nation,
	o_year
order by
	nation,
	o_year desc","['I(C lineitem.l_partkey,C lineitem.l_suppkey)', 'I(C supplier.s_suppkey,C supplier.s_nationkey)', 'I(C orders.o_orderkey)']"
36,"



-- using default substitutions


select
	nation,
	o_year,
	sum(amount) as sum_profit
from
	(
		select
			n_name as nation,
			extract(year from o_orderdate) as o_year,
			l_extendedprice * (1 - l_discount) - ps_supplycost * l_quantity as amount
		from
			part,
			supplier,
			lineitem,
			partsupp,
			orders,
			nation
		where
			s_suppkey = l_suppkey
			and ps_suppkey = l_suppkey
			and ps_partkey = l_partkey
			and p_partkey = l_partkey
			and o_orderkey = l_orderkey
			and s_nationkey = n_nationkey
			and p_name like '%green%'
	) as profit
group by
	nation,
	o_year
order by
	nation,
	o_year desc","['I(C lineitem.l_partkey,C lineitem.l_suppkey)', 'I(C nation.n_nationkey,C nation.n_name)', 'I(C orders.o_orderkey)']"
37,"



-- using default substitutions


select
	nation,
	o_year,
	sum(amount) as sum_profit
from
	(
		select
			n_name as nation,
			extract(year from o_orderdate) as o_year,
			l_extendedprice * (1 - l_discount) - ps_supplycost * l_quantity as amount
		from
			part,
			supplier,
			lineitem,
			partsupp,
			orders,
			nation
		where
			s_suppkey = l_suppkey
			and ps_suppkey = l_suppkey
			and ps_partkey = l_partkey
			and p_partkey = l_partkey
			and o_orderkey = l_orderkey
			and s_nationkey = n_nationkey
			and p_name like '%green%'
	) as profit
group by
	nation,
	o_year
order by
	nation,
	o_year desc","['I(C lineitem.l_partkey,C lineitem.l_suppkey)', 'I(C nation.n_nationkey,C nation.n_name)', 'I(C supplier.s_suppkey,C supplier.s_nationkey)', 'I(C orders.o_orderkey)']"
38,"



-- using default substitutions


select
	nation,
	o_year,
	sum(amount) as sum_profit
from
	(
		select
			n_name as nation,
			extract(year from o_orderdate) as o_year,
			l_extendedprice * (1 - l_discount) - ps_supplycost * l_quantity as amount
		from
			part,
			supplier,
			lineitem,
			partsupp,
			orders,
			nation
		where
			s_suppkey = l_suppkey
			and ps_suppkey = l_suppkey
			and ps_partkey = l_partkey
			and p_partkey = l_partkey
			and o_orderkey = l_orderkey
			and s_nationkey = n_nationkey
			and p_name like '%green%'
	) as profit
group by
	nation,
	o_year
order by
	nation,
	o_year desc","['I(C supplier.s_suppkey,C supplier.s_nationkey)']"
39,"



-- using default substitutions


select
	nation,
	o_year,
	sum(amount) as sum_profit
from
	(
		select
			n_name as nation,
			extract(year from o_orderdate) as o_year,
			l_extendedprice * (1 - l_discount) - ps_supplycost * l_quantity as amount
		from
			part,
			supplier,
			lineitem,
			partsupp,
			orders,
			nation
		where
			s_suppkey = l_suppkey
			and ps_suppkey = l_suppkey
			and ps_partkey = l_partkey
			and p_partkey = l_partkey
			and o_orderkey = l_orderkey
			and s_nationkey = n_nationkey
			and p_name like '%green%'
	) as profit
group by
	nation,
	o_year
order by
	nation,
	o_year desc","['I(C nation.n_nationkey,C nation.n_name)', 'I(C supplier.s_suppkey,C supplier.s_nationkey)']"
40,"



-- using default substitutions


select
	nation,
	o_year,
	sum(amount) as sum_profit
from
	(
		select
			n_name as nation,
			extract(year from o_orderdate) as o_year,
			l_extendedprice * (1 - l_discount) - ps_supplycost * l_quantity as amount
		from
			part,
			supplier,
			lineitem,
			partsupp,
			orders,
			nation
		where
			s_suppkey = l_suppkey
			and ps_suppkey = l_suppkey
			and ps_partkey = l_partkey
			and p_partkey = l_partkey
			and o_orderkey = l_orderkey
			and s_nationkey = n_nationkey
			and p_name like '%green%'
	) as profit
group by
	nation,
	o_year
order by
	nation,
	o_year desc","['I(C supplier.s_suppkey,C supplier.s_nationkey)', 'I(C orders.o_orderkey)']"
41,"



-- using default substitutions


select
	nation,
	o_year,
	sum(amount) as sum_profit
from
	(
		select
			n_name as nation,
			extract(year from o_orderdate) as o_year,
			l_extendedprice * (1 - l_discount) - ps_supplycost * l_quantity as amount
		from
			part,
			supplier,
			lineitem,
			partsupp,
			orders,
			nation
		where
			s_suppkey = l_suppkey
			and ps_suppkey = l_suppkey
			and ps_partkey = l_partkey
			and p_partkey = l_partkey
			and o_orderkey = l_orderkey
			and s_nationkey = n_nationkey
			and p_name like '%green%'
	) as profit
group by
	nation,
	o_year
order by
	nation,
	o_year desc","['I(C lineitem.l_partkey,C lineitem.l_suppkey)', 'I(C nation.n_nationkey,C nation.n_name)', 'I(C supplier.s_suppkey,C supplier.s_nationkey)']"
42,"



-- using default substitutions


select
	nation,
	o_year,
	sum(amount) as sum_profit
from
	(
		select
			n_name as nation,
			extract(year from o_orderdate) as o_year,
			l_extendedprice * (1 - l_discount) - ps_supplycost * l_quantity as amount
		from
			part,
			supplier,
			lineitem,
			partsupp,
			orders,
			nation
		where
			s_suppkey = l_suppkey
			and ps_suppkey = l_suppkey
			and ps_partkey = l_partkey
			and p_partkey = l_partkey
			and o_orderkey = l_orderkey
			and s_nationkey = n_nationkey
			and p_name like '%green%'
	) as profit
group by
	nation,
	o_year
order by
	nation,
	o_year desc","['I(C nation.n_nationkey,C nation.n_name)']"
43,"



-- using default substitutions


select
	nation,
	o_year,
	sum(amount) as sum_profit
from
	(
		select
			n_name as nation,
			extract(year from o_orderdate) as o_year,
			l_extendedprice * (1 - l_discount) - ps_supplycost * l_quantity as amount
		from
			part,
			supplier,
			lineitem,
			partsupp,
			orders,
			nation
		where
			s_suppkey = l_suppkey
			and ps_suppkey = l_suppkey
			and ps_partkey = l_partkey
			and p_partkey = l_partkey
			and o_orderkey = l_orderkey
			and s_nationkey = n_nationkey
			and p_name like '%green%'
	) as profit
group by
	nation,
	o_year
order by
	nation,
	o_year desc","['I(C nation.n_nationkey,C nation.n_name)', 'I(C orders.o_orderkey)']"
44,"



-- using default substitutions


select
	nation,
	o_year,
	sum(amount) as sum_profit
from
	(
		select
			n_name as nation,
			extract(year from o_orderdate) as o_year,
			l_extendedprice * (1 - l_discount) - ps_supplycost * l_quantity as amount
		from
			part,
			supplier,
			lineitem,
			partsupp,
			orders,
			nation
		where
			s_suppkey = l_suppkey
			and ps_suppkey = l_suppkey
			and ps_partkey = l_partkey
			and p_partkey = l_partkey
			and o_orderkey = l_orderkey
			and s_nationkey = n_nationkey
			and p_name like '%green%'
	) as profit
group by
	nation,
	o_year
order by
	nation,
	o_year desc",['I(C orders.o_orderkey)']
45,"



-- using default substitutions


select
	s_name,
	count(*) as numwait
from
	supplier,
	lineitem l1,
	orders,
	nation
where
	s_suppkey = l1.l_suppkey
	and o_orderkey = l1.l_orderkey
	and o_orderstatus = 'F'
	and l1.l_receiptdate > l1.l_commitdate
	and exists (
		select
			*
		from
			lineitem l2
		where
			l2.l_orderkey = l1.l_orderkey
			and l2.l_suppkey <> l1.l_suppkey
	)
	and not exists (
		select
			*
		from
			lineitem l3
		where
			l3.l_orderkey = l1.l_orderkey
			and l3.l_suppkey <> l1.l_suppkey
			and l3.l_receiptdate > l3.l_commitdate
	)
	and s_nationkey = n_nationkey
	and n_name = 'SAUDI ARABIA'
group by
	s_name
order by
	numwait desc,
	s_name",['I(C lineitem.l_orderkey)']
46,"



-- using default substitutions


select
	s_name,
	count(*) as numwait
from
	supplier,
	lineitem l1,
	orders,
	nation
where
	s_suppkey = l1.l_suppkey
	and o_orderkey = l1.l_orderkey
	and o_orderstatus = 'F'
	and l1.l_receiptdate > l1.l_commitdate
	and exists (
		select
			*
		from
			lineitem l2
		where
			l2.l_orderkey = l1.l_orderkey
			and l2.l_suppkey <> l1.l_suppkey
	)
	and not exists (
		select
			*
		from
			lineitem l3
		where
			l3.l_orderkey = l1.l_orderkey
			and l3.l_suppkey <> l1.l_suppkey
			and l3.l_receiptdate > l3.l_commitdate
	)
	and s_nationkey = n_nationkey
	and n_name = 'SAUDI ARABIA'
group by
	s_name
order by
	numwait desc,
	s_name","['I(C lineitem.l_orderkey)', 'I(C orders.o_orderkey)']"
47,"



-- using default substitutions


select
	s_name,
	count(*) as numwait
from
	supplier,
	lineitem l1,
	orders,
	nation
where
	s_suppkey = l1.l_suppkey
	and o_orderkey = l1.l_orderkey
	and o_orderstatus = 'F'
	and l1.l_receiptdate > l1.l_commitdate
	and exists (
		select
			*
		from
			lineitem l2
		where
			l2.l_orderkey = l1.l_orderkey
			and l2.l_suppkey <> l1.l_suppkey
	)
	and not exists (
		select
			*
		from
			lineitem l3
		where
			l3.l_orderkey = l1.l_orderkey
			and l3.l_suppkey <> l1.l_suppkey
			and l3.l_receiptdate > l3.l_commitdate
	)
	and s_nationkey = n_nationkey
	and n_name = 'SAUDI ARABIA'
group by
	s_name
order by
	numwait desc,
	s_name",['I(C orders.o_orderkey)']
